Firm Name,Website
Website Closers,https://www.websiteclosers.com
Transworld Business Advisors of Colorado,https://www.tworld.com/locations/colorado
Murphy Business & Financial Corporation,https://murphybusiness.com
Quiet Light Brokerage,https://quietlight.com
Calder Capital,https://www.caldergr.com
Business Exits,https://www.businessexits.com
Sunbelt Business Brokers - Milwaukee,https://www.sunbeltnetwork.com/milwaukee
Bristol Group,https://www.bristol-group.com
BayState Business Brokers,https://www.baystatebusinessbrokers.com
Transworld Business Brokers (Corporate),https://www.tworld.com
ProNova Partners,https://www.pronovapartners.com
Transworld Business Advisors - South & West Texas,https://www.tworld.com/locations/southwesttexas
Prime Investments Business Brokers & M&A Advisors,https://primeinvestments.com
Calhoun Companies,https://www.calhouncompanies.com
SCA Advisors,https://www.sca-advisors.com
Sunbelt Business Brokers - Atlanta,https://www.sunbeltnetwork.com/atlanta
Boss Group International,https://www.bossgi.com
Synergy Business Brokers,https://www.synergybb.com
First Choice Business Brokers,https://www.fcbb.com
Empire Flippers,https://empireflippers.com
Ryco Advisors,https://www.rycoadvisors.com
KeyStone Business Advisors,https://www.keystonebusinessadvisors.com
The NYBB Group,https://www.nybbgroup.com
EXODUS Business Solutions,https://www.exodussolutions.com
FidCol Corporate Services,https://www.fidcol.com
Premier Sales,https://www.premiersales.biz
Everingham & Kerr,https://www.everinghamkerr.com
The Firm Business Brokerage,https://www.thefirmbusinessbrokers.com
Transworld Business Brokers - North Florida,https://www.tworld.com/locations/northflorida
MGL Business Solutions,https://www.mglbusinesssolutions.com
Griggs Business Brokers,https://www.griggsbusinessbrokers.com
Station Sales & More,https://www.stationsalesandmore.com
Prime100 Business Brokers,https://www.prime100bb.com
Gibson & Associates,https://www.gibsonbusinessbrokers.com
Preferred Business Brokers (GA),https://www.preferredbusinessbrokersga.com
Advanced Business Brokers (Houston),https://www.advancedbusinessbrokers.com
Sunbelt Business Brokers - Denver,https://www.sunbeltnetwork.com/denver
Merge,https://www.wearemerge.com
Business Brokerage Solutions,https://www.businessbrokeragesolutions.com
American Business Connections,https://www.americanbusinessconnections.com
KW Commercial,https://kwcommercial.com
World Brokers Inc.,https://www.worldbrokersinc.com
Quorum Business Advisors,https://www.quorumbusinessadvisors.com
Horizon Business Brokers,https://www.horizonbusinessbrokers.com
Common Ground Mergers & Acquisitions,https://www.cgma.biz
Transworld Business Advisors - Mobile,https://www.tworld.com/locations/mobile
Transworld Business Advisors - Atlanta NW,https://www.tworld.com/locations/atlantanw
Transworld Business Advisors - OKC SW,https://www.tworld.com/locations/okcsw
Transworld Business Advisors - Anchorage,https://www.tworld.com/locations/anchorage
Transworld Business Advisors - Kansas,https://www.tworld.com/locations/kansas
Transworld Business Advisors - Utah County,https://www.tworld.com/locations/utahcounty
Transworld Business Advisors - Capital Region,https://www.tworld.com/locations/capitalregion
Transworld Business Advisors - North Boston,https://www.tworld.com/locations/northboston
Transworld Business Advisors - Beverly Hills,https://www.tworld.com/locations/beverlyhills
VR Business Brokers,https://www.vrbusinessbrokers.com
CBI Team,https://cbiteam.com
LINK Business,https://linkbusiness.com
Apex Business Advisors,https://www.apexba.com
NuVescor Group,https://www.nuvescor.com
Horizon M&A Advisors,https://www.horizonma.com
Praxis Business Brokers,https://www.praxisbusinessbrokers.com
Dynasty Business Advisors,https://www.dynastyba.com
Utah Business Consultants,https://www.utahbusinessconsultants.com
ValueCap Inc.,https://www.valuecapinc.com
Black Diamond Realty Service,https://www.blackdiamondrealtyservice.com
Anchor Business Valuations & Financial Services,https://www.anchorvaluations.com
Indiana Business Advisors,https://indianabusinessadvisors.com
Exit Consulting Group,https://www.exitconsultinggroup.com
Brentwood Growth,https://www.brentwoodgrowth.com
Abraxas Business Services,https://www.abraxasbusiness.com
Viking Mergers & Acquisitions,https://www.vikingmergers.com
Corporate Investment Business Brokers,https://www.cibb.com
Summit Capital Advisors,https://www.summitcapitaladvisors.com
South Florida M&A Advisors,https://www.sflma.com
American Fortune Mergers & Acquisitions,https://www.afma.com
Edison Business Advisors,https://www.edisonba.com
Rogerson Business Services,https://www.rogersonbusinessservices.com
Liberty Group of Nevada,https://www.libertygroupnv.com
United Brokers Group,https://www.unitedbrokersgroup.com
Executive Business Brokers of Montana,https://www.executivebb.com
Esty & Associates,https://www.esty.com
The Paragon Group - West USA Realty,https://www.paragongroupaz.com
Global Business Brokers LLC,https://www.globalbb.com
Orlando Business Broker,https://www.orlandobusinessbroker.com
